Year,Month,Day,Registered,Casual
2010,9,15,0,1
2010,9,16,0,1
2010,9,17,7,2
2010,9,19,10,1
2010,9,20,204,34
2010,9,21,226,109
2010,9,22,289,117
2010,9,23,256,124
2010,9,24,214,156
2010,9,25,288,267
2010,9,26,317,230
2010,9,27,227,65
2010,9,28,320,102
2010,9,29,378,77
2010,9,30,143,22
2010,10,1,425,164
2010,10,2,461,397
2010,10,3,293,223
2010,10,4,278,58
2010,10,5,550,86
2010,10,6,595,94
2010,10,7,726,163
2010,10,8,733,219
2010,10,9,560,622
2010,10,10,492,635
2010,10,11,635,350
2010,10,12,848,248
2010,10,13,902,238
2010,10,14,511,72
2010,10,15,876,280
2010,10,16,835,567
2010,10,17,755,599
2010,10,18,957,194
2010,10,19,965,194
2010,10,20,989,167
2010,10,21,1155,194
2010,10,22,1155,238
2010,10,23,966,760
2010,10,24,857,718
2010,10,25,1125,227
2010,10,26,1305,267
2010,10,27,905,142
2010,10,28,1356,358
2010,10,29,1265,416
2010,10,30,1183,1159
2010,10,31,990,988
2010,11,1,1237,237
2010,11,2,1239,183
2010,11,3,1327,180
2010,11,4,557,45
2010,11,5,1585,295
2010,11,6,1240,605
2010,11,7,1047,395
2010,11,8,1460,163
2010,11,9,1749,215
2010,11,10,1849,226
2010,11,11,1669,418
2010,11,12,1663,396
2010,11,13,1384,916
2010,11,14,1216,823
2010,11,15,1539,218
2010,11,16,721,62
2010,11,17,1768,180
2010,11,18,1690,191
2010,11,19,1730,251
2010,11,20,1547,839
2010,11,21,1213,564
2010,11,22,1670,257
2010,11,23,1628,161
2010,11,24,1356,157
2010,11,25,371,198
2010,11,26,595,197
2010,11,27,590,362
2010,11,28,749,209
2010,11,29,1412,96
2010,11,30,1183,94
2010,12,1,951,40
2010,12,2,1397,89
2010,12,3,1496,113
2010,12,4,975,247
2010,12,5,853,166
2010,12,6,1146,48
2010,12,7,1050,46
2010,12,8,1093,59
2010,12,9,1225,71
2010,12,10,1234,73
2010,12,11,970,184
2010,12,12,385,43
2010,12,13,1005,46
2010,12,14,821,38
2010,12,15,1019,43
2010,12,16,666,12
2010,12,17,838,35
2010,12,18,762,84
2010,12,19,713,101
2010,12,20,992,54
2010,12,21,1011,50
2010,12,22,1012,100
2010,12,23,686,61
2010,12,24,280,72
2010,12,25,89,77
2010,12,26,77,15
2010,12,27,282,26
2010,12,28,636,69
2010,12,29,835,111
2010,12,30,973,148
2010,12,31,663,284
2011,1,1,654,330
2011,1,2,669,131
2011,1,3,1227,120
2011,1,4,1453,108
2011,1,5,1515,82
2011,1,6,1515,88
2011,1,7,1358,148
2011,1,8,891,68
2011,1,9,767,54
2011,1,10,1278,41
2011,1,11,1217,43
2011,1,12,1134,25
2011,1,13,1362,37
2011,1,14,1364,54
2011,1,15,1026,222
2011,1,16,953,251
2011,1,17,883,117
2011,1,18,671,9
2011,1,19,1571,78
2011,1,20,1834,81
2011,1,21,1464,73
2011,1,22,888,93
2011,1,23,836,150
2011,1,24,1328,86
2011,1,25,1796,186
2011,1,26,469,34
2011,1,27,415,15
2011,1,28,1127,38
2011,1,29,974,123
2011,1,30,953,140
2011,1,31,1459,42
2011,2,1,1313,47
2011,2,2,1452,72
2011,2,3,1484,61
2011,2,4,1617,88
2011,2,5,905,100
2011,2,6,1266,354
2011,2,7,1586,120
2011,2,8,1460,64
2011,2,9,1545,52
2011,2,10,1488,46
2011,2,11,1591,148
2011,2,12,1183,288
2011,2,13,1192,397
2011,2,14,1698,208
2011,2,15,1669,139
2011,2,16,1890,218
2011,2,17,2211,258
2011,2,18,2344,578
2011,2,19,1102,532
2011,2,20,1173,639
2011,2,21,910,195
2011,2,22,1368,73
2011,2,23,1769,139
2011,2,24,1701,100
2011,2,25,1334,120
2011,2,26,1544,424
2011,2,27,1707,694
2011,2,28,1358,81
2011,3,1,1706,137
2011,3,2,1896,231
2011,3,3,1554,123
2011,3,4,1722,214
2011,3,5,1433,640
2011,3,6,490,114
2011,3,7,1624,243
2011,3,8,1808,315
2011,3,9,1690,191
2011,3,10,574,46
2011,3,11,1725,246
2011,3,12,1408,724
2011,3,13,1434,979
2011,3,14,1684,359
2011,3,15,1757,289
2011,3,16,1866,321
2011,3,17,2313,423
2011,3,18,2344,883
2011,3,19,1689,1423
2011,3,20,1421,1047
2011,3,21,1672,401
2011,3,22,2235,460
2011,3,23,1914,203
2011,3,24,1693,166
2011,3,25,1899,300
2011,3,26,1514,981
2011,3,27,1220,472
2011,3,28,1798,222
2011,3,29,2103,317
2011,3,30,1360,168
2011,3,31,1494,179
2011,4,1,1909,307
2011,4,2,1354,898
2011,4,3,1597,1651
2011,4,4,2374,734
2011,4,5,1619,167
2011,4,6,2384,413
2011,4,7,2562,571
2011,4,8,1295,172
2011,4,9,1575,879
2011,4,10,1704,1188
2011,4,11,2487,854
2011,4,12,1768,257
2011,4,13,1942,208
2011,4,14,2723,528
2011,4,15,2473,642
2011,4,16,674,121
2011,4,17,2186,1555
2011,4,18,2750,668
2011,4,19,2783,409
2011,4,20,3321,612
2011,4,21,3435,744
2011,4,22,1499,177
2011,4,23,2574,1461
2011,4,24,2480,1708
2011,4,25,3290,772
2011,4,26,3702,676
2011,4,27,3313,546
2011,4,28,3476,568
2011,4,29,3712,878
2011,4,30,3347,1965
2011,5,1,2211,1137
2011,5,2,3539,846
2011,5,3,3834,603
2011,5,4,2371,253
2011,5,5,3809,613
2011,5,6,3702,892
2011,5,7,3098,1612
2011,5,8,2931,1401
2011,5,9,3674,661
2011,5,10,4091,691
2011,5,11,3623,549
2011,5,12,4161,694
2011,5,13,3405,691
2011,5,14,2502,900
2011,5,15,2970,1582
2011,5,16,3177,773
2011,5,17,3435,678
2011,5,18,3308,535
2011,5,19,3826,735
2011,5,20,3998,908
2011,5,21,3545,2258
2011,5,22,3078,1576
2011,5,23,3435,834
2011,5,24,3828,659
2011,5,25,4227,739
2011,5,26,3908,757
2011,5,27,3801,869
2011,5,28,2755,2001
2011,5,29,2431,2354
2011,5,30,2543,1549
2011,5,31,3303,671
2011,6,1,3453,512
2011,6,2,4226,736
2011,6,3,4400,898
2011,6,4,3471,1868
2011,6,5,3218,1684
2011,6,6,3865,673
2011,6,7,4059,761
2011,6,8,3715,675
2011,6,9,3349,562
2011,6,10,3763,815
2011,6,11,3235,1729
2011,6,12,2991,1467
2011,6,13,4149,863
2011,6,14,4152,727
2011,6,15,4398,769
2011,6,16,3213,545
2011,6,17,3970,862
2011,6,18,3311,1807
2011,6,19,3104,1638
2011,6,20,3306,699
2011,6,21,4051,771
2011,6,22,3835,659
2011,6,23,4036,746
2011,6,24,4013,969
2011,6,25,3417,1782
2011,6,26,3381,1918
2011,6,27,3845,853
2011,6,28,3906,729
2011,6,29,4370,848
2011,6,30,4477,1025
2011,7,1,4107,1244
2011,7,2,2910,2204
2011,7,3,2367,2281
2011,7,4,2975,3060
2011,7,5,3622,1030
2011,7,6,3835,784
2011,7,7,3824,754
2011,7,8,3339,692
2011,7,9,3342,1988
2011,7,10,3135,1743
2011,7,11,3357,721
2011,7,12,3586,661
2011,7,13,3585,748
2011,7,14,4183,888
2011,7,15,4210,1318
2011,7,16,3503,2418
2011,7,17,3291,2006
2011,7,18,3604,841
2011,7,19,3782,751
2011,7,20,3679,644
2011,7,21,3142,632
2011,7,22,2818,562
2011,7,23,2295,987
2011,7,24,2556,1049
2011,7,25,3266,568
2011,7,26,3827,750
2011,7,27,3891,753
2011,7,28,3773,606
2011,7,29,3174,670
2011,7,30,2916,1558
2011,7,31,2776,1524
2011,8,1,3526,729
2011,8,2,4035,800
2011,8,3,3103,467
2011,8,4,3770,799
2011,8,5,3835,1023
2011,8,6,2771,1521
2011,8,7,2483,1298
2011,8,8,3470,845
2011,8,9,3682,906
2011,8,10,3883,884
2011,8,11,3968,812
2011,8,12,3843,1051
2011,8,13,2639,1502
2011,8,14,2481,1338
2011,8,15,3562,775
2011,8,16,3994,721
2011,8,17,4013,668
2011,8,18,3158,639
2011,8,19,3348,797
2011,8,20,3276,1914
2011,8,21,2622,1249
2011,8,22,3923,831
2011,8,23,4605,1276
2011,8,24,4169,945
2011,8,25,3098,435
2011,8,26,3887,768
2011,8,27,889,226
2011,8,28,2917,1414
2011,8,29,3894,729
2011,8,30,4420,774
2011,8,31,4359,688
2011,9,1,4317,783
2011,9,2,3845,873
2011,9,3,2547,1933
2011,9,4,2418,2521
2011,9,5,2115,1236
2011,9,6,2494,204
2011,9,7,1869,118
2011,9,8,1677,153
2011,9,9,3117,417
2011,9,10,3593,1747
2011,9,11,3405,1633
2011,9,12,4013,688
2011,9,13,4047,699
2011,9,14,4130,646
2011,9,15,3218,428
2011,9,16,4000,742
2011,9,17,3077,1432
2011,9,18,2921,1353
2011,9,19,3836,690
2011,9,20,3195,438
2011,9,21,3805,538
2011,9,22,4229,555
2011,9,23,2128,258
2011,9,24,3640,1776
2011,9,25,3464,1544
2011,9,26,3936,684
2011,9,27,3630,477
2011,9,28,3422,480
2011,9,29,4183,653
2011,9,30,4358,830
2011,10,1,1946,478
2011,10,2,2302,616
2011,10,3,3232,330
2011,10,4,3957,486
2011,10,5,4256,559
2011,10,6,4112,639
2011,10,7,4022,949
2011,10,8,3173,2235
2011,10,9,3112,2397
2011,10,10,3596,1514
2011,10,11,3884,666
2011,10,12,2190,217
2011,10,13,2613,290
2011,10,14,3106,528
2011,10,15,3315,1899
2011,10,16,3291,1748
2011,10,17,3852,713
2011,10,18,4101,635
2011,10,19,2163,254
2011,10,20,3715,471
2011,10,21,3620,676
2011,10,22,2807,1499
2011,10,23,2761,1618
2011,10,24,3478,699
2011,10,25,3983,693
2011,10,26,3482,404
2011,10,27,2412,240
2011,10,28,3288,456
2011,10,29,570,57
2011,10,30,2442,885
2011,10,31,3299,362
2011,11,1,3651,410
2011,11,2,3808,368
2011,11,3,3643,318
2011,11,4,3569,470
2011,11,5,2765,1155
2011,11,6,2696,952
2011,11,7,3652,372
2011,11,8,3821,376
2011,11,9,3802,305
2011,11,10,2736,190
2011,11,11,2920,440
2011,11,12,2790,1275
2011,11,13,2709,1004
2011,11,14,3874,595
2011,11,15,3735,449
2011,11,16,1668,145
2011,11,17,2905,139
2011,11,18,3143,243
2011,11,19,2715,941
2011,11,20,2727,787
2011,11,21,2542,220
2011,11,22,1532,69
2011,11,23,2451,112
2011,11,24,934,560
2011,11,25,1693,1095
2011,11,26,1817,1249
2011,11,27,2257,808
2011,11,28,3601,253
2011,11,29,2809,96
2011,11,30,3417,188
2011,12,1,3530,182
2011,12,2,3661,268
2011,12,3,2905,706
2011,12,4,2849,634
2011,12,5,3567,233
2011,12,6,2460,126
2011,12,7,652,50
2011,12,8,3163,150
2011,12,9,3349,261
2011,12,10,2682,502
2011,12,11,2364,376
2011,12,12,3149,143
2011,12,13,3356,154
2011,12,14,3547,178
2011,12,15,3517,181
2011,12,16,3378,178
2011,12,17,2459,275
2011,12,18,2205,220
2011,12,19,3135,260
2011,12,20,3525,216
2011,12,21,2547,107
2011,12,22,2833,227
2011,12,23,2039,163
2011,12,24,855,155
2011,12,25,451,303
2011,12,26,886,430
2011,12,27,1054,103
2011,12,28,2042,255
2011,12,29,2162,254
2011,12,30,2500,491
2011,12,31,1818,665
2012,1,1,1607,686
2012,1,2,1706,244
2012,1,3,2144,89
2012,1,4,2272,95
2012,1,5,3129,140
2012,1,6,3787,304
2012,1,7,3451,1069
2012,1,8,2825,599
2012,1,9,2264,106
2012,1,10,3419,173
2012,1,11,2082,92
2012,1,12,3822,269
2012,1,13,3034,173
2012,1,14,2158,333
2012,1,15,2023,283
2012,1,16,2078,217
2012,1,17,2805,126
2012,1,18,3261,109
2012,1,19,3155,130
2012,1,20,3042,114
2012,1,21,1233,67
2012,1,22,1779,196
2012,1,23,2284,145
2012,1,24,3888,439
2012,1,25,3792,467
2012,1,26,3817,243
2012,1,27,3180,269
2012,1,28,3244,775
2012,1,29,2684,556
2012,1,30,3489,126
2012,1,31,4177,324
2012,2,1,4270,304
2012,2,2,3564,190
2012,2,3,3836,310
2012,2,4,2447,384
2012,2,5,2627,317
2012,2,6,3573,206
2012,2,7,4164,199
2012,2,8,2687,107
2012,2,9,3663,161
2012,2,10,3597,225
2012,2,11,1976,192
2012,2,12,1456,73
2012,2,13,3325,94
2012,2,14,3778,131
2012,2,15,4019,141
2012,2,16,2926,74
2012,2,17,3796,349
2012,2,18,2881,1435
2012,2,19,2071,618
2012,2,20,2625,502
2012,2,21,3608,163
2012,2,22,4373,394
2012,2,23,4533,515
2012,2,24,3234,246
2012,2,25,2415,317
2012,2,26,2874,515
2012,2,27,4064,253
2012,2,28,4124,229
2012,2,29,1764,65
2012,3,1,4653,325
2012,3,2,2945,245
2012,3,3,3105,956
2012,3,4,2708,710
2012,3,5,3128,203
2012,3,6,3726,220
2012,3,7,4475,432
2012,3,8,4888,486
2012,3,9,4114,447
2012,3,10,3148,968
2012,3,11,3248,1658
2012,3,12,4452,838
2012,3,13,5072,761
2012,3,14,5308,997
2012,3,15,5178,1005
2012,3,16,3820,548
2012,3,17,4677,3155
2012,3,18,3683,2207
2012,3,19,5164,982
2012,3,20,5037,1051
2012,3,21,5100,1121
2012,3,22,5525,1334
2012,3,23,5884,2467
2012,3,24,2334,1033
2012,3,25,3461,1532
2012,3,26,4754,795
2012,3,27,4562,531
2012,3,28,5018,674
2012,3,29,5292,834
2012,3,30,4656,791
2012,3,31,3932,2301
2012,4,1,3690,2347
2012,4,2,4712,1208
2012,4,3,5409,1348
2012,4,4,5361,1058
2012,4,5,5249,1192
2012,4,6,4646,1807
2012,4,7,3603,3252
2012,4,8,2938,2230
2012,4,9,4671,905
2012,4,10,5088,819
2012,4,11,4367,482
2012,4,12,4733,663
2012,4,13,5137,1252
2012,4,14,4663,2795
2012,4,15,4278,2846
2012,4,16,5164,1197
2012,4,17,5684,987
2012,4,18,4013,347
2012,4,19,5702,845
2012,4,20,5934,1339
2012,4,21,4080,2541
2012,4,22,903,120
2012,4,23,3010,194
2012,4,24,5105,516
2012,4,25,5532,655
2012,4,26,4545,475
2012,4,27,5212,1013
2012,4,28,3100,1120
2012,4,29,4073,2229
2012,4,30,4904,665
2012,5,1,5080,653
2012,5,2,5491,667
2012,5,3,5651,764
2012,5,4,5220,1068
2012,5,5,4387,2496
2012,5,6,4220,2135
2012,5,7,5260,1007
2012,5,8,4983,736
2012,5,9,4090,620
2012,5,10,5537,1026
2012,5,11,5702,1317
2012,5,12,4805,2622
2012,5,13,3945,2171
2012,5,14,2500,342
2012,5,15,4484,625
2012,5,16,6422,991
2012,5,17,6130,1241
2012,5,18,6110,1521
2012,5,19,4882,3410
2012,5,20,4422,2702
2012,5,21,3725,630
2012,5,22,5241,819
2012,5,23,4483,766
2012,5,24,5700,1059
2012,5,25,5303,1417
2012,5,26,3678,2855
2012,5,27,3305,3283
2012,5,28,3481,2557
2012,5,29,4855,878
2012,5,30,6095,745
2012,5,31,6229,1099
2012,6,1,3587,531
2012,6,2,5323,2795
2012,6,3,5147,2494
2012,6,4,5923,1071
2012,6,5,6030,967
2012,6,6,6022,1026
2012,6,7,6451,1038
2012,6,8,6242,1488
2012,6,9,4789,2707
2012,6,10,4372,2223
2012,6,11,5639,1016
2012,6,12,4484,477
2012,6,13,6243,1173
2012,6,14,6179,1180
2012,6,15,6093,1563
2012,6,16,4736,2962
2012,6,17,4334,2634
2012,6,18,4440,652
2012,6,19,5845,967
2012,6,20,5326,870
2012,6,21,5115,776
2012,6,22,4849,961
2012,6,23,4797,2655
2012,6,24,4338,2551
2012,6,25,5630,1139
2012,6,26,6348,1077
2012,6,27,6246,1077
2012,6,28,5947,921
2012,6,29,4626,829
2012,6,30,4225,1454
2012,7,1,4110,1421
2012,7,2,5323,904
2012,7,3,5608,1052
2012,7,4,4841,2562
2012,7,5,4836,1405
2012,7,6,4841,1366
2012,7,7,3392,1448
2012,7,8,3469,1203
2012,7,9,5571,998
2012,7,10,5336,954
2012,7,11,6289,975
2012,7,12,6414,1032
2012,7,13,5988,1511
2012,7,14,4614,2355
2012,7,15,4111,1920
2012,7,16,5742,1088
2012,7,17,5865,921
2012,7,18,4914,799
2012,7,19,5703,888
2012,7,20,5123,747
2012,7,21,3195,1264
2012,7,22,4866,2544
2012,7,23,5831,1135
2012,7,24,6452,1140
2012,7,25,6790,1383
2012,7,26,5825,1036
2012,7,27,5645,1259
2012,7,28,4451,2234
2012,7,29,4444,2153
2012,7,30,6065,1040
2012,7,31,6248,968
2012,8,1,6506,1074
2012,8,2,6278,983
2012,8,3,5847,1328
2012,8,4,4479,2345
2012,8,5,3757,1707
2012,8,6,5780,1233
2012,8,7,5995,1278
2012,8,8,6271,1263
2012,8,9,6090,1196
2012,8,10,4721,1065
2012,8,11,4052,2247
2012,8,12,4362,2182
2012,8,13,5676,1207
2012,8,14,5656,1128
2012,8,15,6149,1198
2012,8,16,6267,1338
2012,8,17,5665,1483
2012,8,18,5038,2827
2012,8,19,3341,1208
2012,8,20,5504,1026
2012,8,21,5925,1081
2012,8,22,6281,1094
2012,8,23,6402,1363
2012,8,24,6257,1325
2012,8,25,4224,1829
2012,8,26,3772,1483
2012,8,27,5928,989
2012,8,28,6105,935
2012,8,29,6520,1177
2012,8,30,6541,1172
2012,8,31,5917,1433
2012,9,1,3788,2352
2012,9,2,3197,2613
2012,9,3,4069,1965
2012,9,4,5997,867
2012,9,5,6280,832
2012,9,6,5592,611
2012,9,7,6459,1045
2012,9,8,4419,1557
2012,9,9,5657,2570
2012,9,10,6407,1118
2012,9,11,6697,1070
2012,9,12,6820,1050
2012,9,13,6750,1054
2012,9,14,6630,1379
2012,9,15,5554,3160
2012,9,16,5167,2166
2012,9,17,5847,1022
2012,9,18,3702,371
2012,9,19,6803,788
2012,9,20,6781,939
2012,9,21,6917,1250
2012,9,22,5883,2512
2012,9,23,5453,2454
2012,9,24,6435,1001
2012,9,25,6693,845
2012,9,26,6946,787
2012,9,27,6642,751
2012,9,28,6370,1045
2012,9,29,5966,2589
2012,9,30,4873,2015
2012,10,1,6015,763
2012,10,2,4324,315
2012,10,3,6844,728
2012,10,4,6437,891
2012,10,5,6640,1516
2012,10,6,4934,3031
2012,10,7,2729,781
2012,10,8,4604,874
2012,10,9,5791,601
2012,10,10,6911,780
2012,10,11,6736,834
2012,10,12,6222,1060
2012,10,13,4857,2252
2012,10,14,4559,2080
2012,10,15,5115,760
2012,10,16,6612,922
2012,10,17,6482,979
2012,10,18,6501,1008
2012,10,19,4671,753
2012,10,20,5284,2806
2012,10,21,4692,2132
2012,10,22,6228,830
2012,10,23,6625,841
2012,10,24,6898,795
2012,10,25,6484,875
2012,10,26,6262,1182
2012,10,27,5209,2643
2012,10,28,3461,998
2012,10,29,20,2
2012,10,30,1009,87
2012,10,31,5147,419
2012,11,1,5520,466
2012,11,2,5229,618
2012,11,3,4109,1029
2012,11,4,3906,1201
2012,11,5,4881,378
2012,11,6,5220,466
2012,11,7,4709,326
2012,11,8,4975,340
2012,11,9,5283,709
2012,11,10,4446,2090
2012,11,11,4562,2290
2012,11,12,5172,1097
2012,11,13,3767,327
2012,11,14,5122,373
2012,11,15,5125,320
2012,11,16,5214,484
2012,11,17,4316,1313
2012,11,18,3747,922
2012,11,19,5050,449
2012,11,20,5100,534
2012,11,21,4531,615
2012,11,22,1470,955
2012,11,23,2307,1603
2012,11,24,1745,532
2012,11,25,2115,309
2012,11,26,4750,337
2012,11,27,3836,123
2012,11,28,5062,198
2012,11,29,5080,243
2012,11,30,5306,362
2012,12,1,4240,951
2012,12,2,3757,892
2012,12,3,5679,555
2012,12,4,6055,551
2012,12,5,5398,331
2012,12,6,5035,340
2012,12,7,4659,349
2012,12,8,4429,1153
2012,12,9,2787,441
2012,12,10,4841,329
2012,12,11,5219,282
2012,12,12,5009,310
2012,12,13,5107,425
2012,12,14,5182,429
2012,12,15,4280,767
2012,12,16,3248,538
2012,12,17,4373,212
2012,12,18,5124,433
2012,12,19,4934,333
2012,12,20,3814,314
2012,12,21,3402,221
2012,12,22,1544,205
2012,12,23,1379,408
2012,12,24,746,174
2012,12,25,573,440
2012,12,26,432,9
2012,12,27,1867,247
2012,12,28,2451,644
2012,12,29,1182,159
2012,12,30,1432,364
2012,12,31,2289,439
2013,1,1,1564,421
2013,1,2,3419,284
2013,1,3,3576,297
2013,1,4,3821,297
2013,1,5,3053,509
2013,1,6,3204,586
2013,1,7,4442,332
2013,1,8,4869,442
2013,1,9,4791,356
2013,1,10,5056,359
2013,1,11,3896,254
2013,1,12,4388,1240
2013,1,13,3310,835
2013,1,14,4615,444
2013,1,15,2699,224
2013,1,16,3314,197
2013,1,17,4455,362
2013,1,18,4172,340
2013,1,19,3775,1199
2013,1,20,4111,1657
2013,1,21,3547,1027
2013,1,22,2862,89
2013,1,23,3151,69
2013,1,24,2428,20
2013,1,25,2331,44
2013,1,26,2586,179
2013,1,27,2769,263
2013,1,28,2668,65
2013,1,29,5513,321
2013,1,30,4505,182
2013,1,31,4238,120
2013,2,1,3117,84
2013,2,2,2240,233
2013,2,3,2401,185
2013,2,4,3824,122
2013,2,5,4462,151
2013,2,6,4736,179
2013,2,7,4313,175
2013,2,8,3244,146
2013,2,9,3041,425
2013,2,10,3112,501
2013,2,11,4117,151
2013,2,12,5399,281
2013,2,13,3385,171
2013,2,14,4815,355
2013,2,15,4675,683
2013,2,16,2560,679
2013,2,17,2025,483
2013,2,18,2826,535
2013,2,19,3797,163
2013,2,20,4192,191
2013,2,21,3960,187
2013,2,22,3439,123
2013,2,23,2364,211
2013,2,24,3530,848
2013,2,25,4669,333
2013,2,26,2635,149
2013,2,27,5077,363
2013,2,28,4831,297
2013,3,1,4612,329
2013,3,2,3067,674
2013,3,3,2620,475
2013,3,4,4143,311
2013,3,5,4773,444
2013,3,6,1057,79
2013,3,7,4728,315
2013,3,8,4459,411
2013,3,9,4667,2168
2013,3,10,4501,2328
2013,3,11,5060,1027
2013,3,12,3840,449
2013,3,13,5116,626
2013,3,14,4441,440
2013,3,15,5183,1201
2013,3,16,4434,1813
2013,3,17,3002,982
2013,3,18,2520,248
2013,3,19,5327,674
2013,3,20,5331,556
2013,3,21,4233,308
2013,3,22,4770,682
2013,3,23,4070,2473
2013,3,24,2779,1109
2013,3,25,1849,84
2013,3,26,4980,647
2013,3,27,5210,646
2013,3,28,4941,699
2013,3,29,5474,1969
2013,3,30,4656,5008
2013,3,31,2420,1400
2013,4,1,5116,1304
2013,4,2,5208,738
2013,4,3,5358,929
2013,4,4,4968,904
2013,4,5,6120,1559
2013,4,6,5247,4099
2013,4,7,5402,4428
2013,4,8,6599,1951
2013,4,9,7700,2138
2013,4,10,7674,1965
2013,4,11,7280,1886
2013,4,12,4891,1173
2013,4,13,5993,5376
2013,4,14,5322,4373
2013,4,15,5690,1289
2013,4,16,6796,1519
2013,4,17,7200,1363
2013,4,18,6566,1195
2013,4,19,5095,1083
2013,4,20,5470,3412
2013,4,21,4889,2512
2013,4,22,6014,780
2013,4,23,6561,948
2013,4,24,7246,1306
2013,4,25,6982,1350
2013,4,26,7230,1844
2013,4,27,5957,4947
2013,4,28,4585,3336
2013,4,29,3853,480
2013,4,30,4801,604
2013,5,1,7494,1197
2013,5,2,7269,1323
2013,5,3,6967,1774
2013,5,4,5935,3651
2013,5,5,5146,2934
2013,5,6,5500,1065
2013,5,7,4118,344
2013,5,8,5848,821
2013,5,9,6748,1122
2013,5,10,6978,1979
2013,5,11,4432,2099
2013,5,12,5019,3084
2013,5,13,6377,1064
2013,5,14,6858,1264
2013,5,15,7505,1321
2013,5,16,7448,1524
2013,5,17,7611,2544
2013,5,18,4479,1926
2013,5,19,4654,2080
2013,5,20,6829,1625
2013,5,21,7455,1648
2013,5,22,7586,1401
2013,5,23,6848,1288
2013,5,24,5694,1004
2013,5,25,4418,3621
2013,5,26,4306,5654
2013,5,27,4614,4453
2013,5,28,6017,1588
2013,5,29,7621,1736
2013,5,30,7455,1370
2013,5,31,7355,1835
2013,6,1,5911,3657
2013,6,2,4748,2998
2013,6,3,6033,1442
2013,6,4,8180,1852
2013,6,5,8165,1910
2013,6,6,5702,1223
2013,6,7,2267,242
2013,6,8,6288,3575
2013,6,9,5907,3434
2013,6,10,3715,714
2013,6,11,7532,1739
2013,6,12,7683,1586
2013,6,13,6174,1166
2013,6,14,7686,2214
2013,6,15,6344,4202
2013,6,16,5282,3534
2013,6,17,6973,1730
2013,6,18,6268,940
2013,6,19,8334,1802
2013,6,20,8472,1795
2013,6,21,8055,2367
2013,6,22,6510,4403
2013,6,23,4871,2405
2013,6,24,6664,1470
2013,6,25,7717,1559
2013,6,26,7299,1312
2013,6,27,7587,1302
2013,6,28,5316,1061
2013,6,29,6647,3973
2013,6,30,4775,2405
2013,7,1,6569,1374
2013,7,2,6667,1286
2013,7,3,6215,1603
2013,7,4,5610,5222
2013,7,5,5867,4785
2013,7,6,4686,4295
2013,7,7,4459,2490
2013,7,8,6849,1323
2013,7,9,7651,1197
2013,7,10,7091,1118
2013,7,11,7558,1384
2013,7,12,4786,1006
2013,7,13,6148,3224
2013,7,14,5699,2798
2013,7,15,6765,1343
2013,7,16,7211,1304
2013,7,17,7379,1341
2013,7,18,6781,1121
2013,7,19,6575,1512
2013,7,20,5577,3129
2013,7,21,5406,3132
2013,7,22,7218,1578
2013,7,23,7822,1513
2013,7,24,8149,1707
2013,7,25,8320,1908
2013,7,26,8126,2244
2013,7,27,5299,3175
2013,7,28,5379,2863
2013,7,29,7413,1915
2013,7,30,8025,1955
2013,7,31,7305,1468
2013,8,1,6666,1178
2013,8,2,7581,2359
2013,8,3,5216,3316
2013,8,4,6194,4317
2013,8,5,7817,2345
2013,8,6,6922,1547
2013,8,7,7896,1931
2013,8,8,7434,1538
2013,8,9,7393,2152
2013,8,10,6031,4131
2013,8,11,5720,3876
2013,8,12,7459,2154
2013,8,13,6804,1591
2013,8,14,8498,1999
2013,8,15,8608,2192
2013,8,16,8093,2796
2013,8,17,6428,4740
2013,8,18,4085,1750
2013,8,19,7219,1847
2013,8,20,7966,1726
2013,8,21,7594,1647
2013,8,22,7789,1861
2013,8,23,6541,1158
2013,8,24,7207,3783
2013,8,25,6257,3327
2013,8,26,7698,1687
2013,8,27,8084,1538
2013,8,28,6742,993
2013,8,29,7789,1646
2013,8,30,7442,2306
2013,8,31,5114,4365
2013,9,1,4603,4697
2013,9,2,4921,3201
2013,9,3,7570,1374
2013,9,4,8294,1532
2013,9,5,8432,1575
2013,9,6,8444,1814
2013,9,7,7025,3211
2013,9,8,6481,3035
2013,9,9,7759,1382
2013,9,10,8134,1436
2013,9,11,7996,1271
2013,9,12,6133,946
2013,9,13,8466,1590
2013,9,14,7323,3946
2013,9,15,6651,3204
2013,9,16,7274,1085
2013,9,17,8699,1269
2013,9,18,8761,1298
2013,9,19,8824,1637
2013,9,20,8767,1909
2013,9,21,4769,2150
2013,9,22,6692,2750
2013,9,23,7795,1272
2013,9,24,8462,1144
2013,9,25,8446,1169
2013,9,26,8600,1293
2013,9,27,8354,1635
2013,9,28,6686,3504
2013,9,29,6283,3082
2013,9,30,7794,1338
2013,10,1,9019,1339
2013,10,2,9096,1289
2013,10,3,8909,1248
2013,10,4,8596,1667
2013,10,5,7185,3401
2013,10,6,6784,2992
2013,10,7,5459,421
2013,10,8,8666,1278
2013,10,9,5681,757
2013,10,10,2352,180
2013,10,11,1683,117
2013,10,12,3961,1300
2013,10,13,4504,1523
2013,10,14,7110,1830
2013,10,15,8350,1031
2013,10,16,8615,1114
2013,10,17,8499,1049
2013,10,18,8502,1871
2013,10,19,6223,3192
2013,10,20,6052,2542
2013,10,21,7725,1331
2013,10,22,8338,736
2013,10,23,7354,616
2013,10,24,7305,592
2013,10,25,7040,913
2013,10,26,5788,2195
2013,10,27,5641,2381
2013,10,28,7426,1177
2013,10,29,8171,963
2013,10,30,7338,806
2013,10,31,7705,724
2013,11,1,7258,922
2013,11,2,6624,2866
2013,11,3,5619,2116
2013,11,4,6399,555
2013,11,5,7553,670
2013,11,6,8080,797
2013,11,7,7580,485
2013,11,8,6861,728
2013,11,9,5426,2192
2013,11,10,5194,2066
2013,11,11,6292,972
2013,11,12,5900,262
2013,11,13,6264,280
2013,11,14,6980,379
2013,11,15,6970,784
2013,11,16,5361,1530
2013,11,17,5579,1446
2013,11,18,7643,707
2013,11,19,7095,427
2013,11,20,6957,452
2013,11,21,7117,471
2013,11,22,7511,719
2013,11,23,4913,1267
2013,11,24,2857,370
2013,11,25,5050,310
2013,11,26,1850,51
2013,11,27,2220,44
2013,11,28,1215,388
2013,11,29,2232,724
2013,11,30,2258,784
2013,12,1,3065,662
2013,12,2,6101,284
2013,12,3,7106,417
2013,12,4,7237,437
2013,12,5,7661,582
2013,12,6,2831,145
2013,12,7,4335,596
2013,12,8,1288,88
2013,12,9,3406,67
2013,12,10,2625,99
2013,12,11,5306,224
2013,12,12,4975,158
2013,12,13,5440,246
2013,12,14,2575,253
2013,12,15,3815,539
2013,12,16,5430,239
2013,12,17,5205,202
2013,12,18,5548,292
2013,12,19,6235,481
2013,12,20,5995,580
2013,12,21,4657,1838
2013,12,22,2189,660
2013,12,23,1872,159
2013,12,24,2093,276
2013,12,25,658,354
2013,12,26,2044,425
2013,12,27,2818,801
2013,12,28,2514,1936
2013,12,29,1171,289
2013,12,30,3726,674
2013,12,31,3634,531
2014,1,1,2311,729
2014,1,2,3068,288
2014,1,3,1559,75
2014,1,4,2123,158
2014,1,5,1945,135
2014,1,6,3430,123
2014,1,7,2301,29
2014,1,8,3901,75
2014,1,9,4802,190
2014,1,10,1780,81
2014,1,11,1887,97
2014,1,12,4468,999
2014,1,13,6187,732
2014,1,14,4781,345
2014,1,15,5994,516
2014,1,16,5682,385
2014,1,17,5653,532
2014,1,18,2942,410
2014,1,19,3425,720
2014,1,20,4488,880
2014,1,21,1721,45
2014,1,22,1450,13
2014,1,23,2416,34
2014,1,24,2611,40
2014,1,25,2199,94
2014,1,26,2458,130
2014,1,27,4466,69
2014,1,28,3121,39
2014,1,29,3127,58
2014,1,30,4141,68
2014,1,31,5240,239
2014,2,1,4642,767
2014,2,2,4635,836
2014,2,3,2432,61
2014,2,4,5096,130
2014,2,5,3684,116
2014,2,6,5093,150
2014,2,7,5227,220
2014,2,8,3689,390
2014,2,9,2934,212
2014,2,10,4355,127
2014,2,11,4602,181
2014,2,12,3902,85
2014,2,13,52,4
2014,2,14,1876,73
2014,2,15,1642,139
2014,2,16,2492,384
2014,2,17,3019,330
2014,2,18,4885,269
2014,2,19,5438,244
2014,2,20,6202,429
2014,2,21,5498,346
2014,2,22,5942,1954
2014,2,23,5311,841
2014,2,24,5164,295
2014,2,25,4438,157
2014,2,26,3856,102
2014,2,27,4781,159
2014,2,28,3970,173
2014,3,1,3796,808
2014,3,2,2991,540
2014,3,3,413,16
2014,3,4,2216,63
2014,3,5,4317,237
2014,3,6,4635,240
2014,3,7,4858,256
2014,3,8,5683,2811
2014,3,9,4491,1488
2014,3,10,5987,844
2014,3,11,7139,1307
2014,3,12,5586,702
2014,3,13,3809,213
2014,3,14,5915,1120
2014,3,15,6716,3755
2014,3,16,3608,1263
2014,3,17,1235,61
2014,3,18,4488,219
2014,3,19,3679,112
2014,3,20,6804,798
2014,3,21,6750,1007
2014,3,22,6257,4712
2014,3,23,4178,1186
2014,3,24,4916,519
2014,3,25,3014,105
2014,3,26,4732,248
2014,3,27,5891,621
2014,3,28,5844,897
2014,3,29,2011,287
2014,3,30,848,58
2014,3,31,6876,1392
2014,4,1,7969,1507
2014,4,2,7659,1328
2014,4,3,7756,1432
2014,4,4,7467,1505
2014,4,5,6215,4626
2014,4,6,6254,3678
2014,4,7,2693,149
2014,4,8,7859,1098
2014,4,9,8508,1485
2014,4,10,9007,2348
2014,4,11,8557,2982
2014,4,12,7832,7923
2014,4,13,7130,7448
2014,4,14,7639,3085
2014,4,15,1651,191
2014,4,16,6495,1356
2014,4,17,7198,1515
2014,4,18,7105,2323
2014,4,19,6111,5913
2014,4,20,5528,4099
2014,4,21,7721,2029
2014,4,22,7943,1262
2014,4,23,7827,1202
2014,4,24,8376,1609
2014,4,25,6110,1548
2014,4,26,6666,4961
2014,4,27,6665,4496
2014,4,28,5234,1253
2014,4,29,2940,208
2014,4,30,1759,57
2014,5,1,8419,1272
2014,5,2,8568,1881
2014,5,3,7092,4210
2014,5,4,6832,3810
2014,5,5,6771,1398
2014,5,6,8785,1745
2014,5,7,7718,931
2014,5,8,8963,1560
2014,5,9,8531,2008
2014,5,10,5739,2590
2014,5,11,6969,4123
2014,5,12,7779,1737
2014,5,13,8385,1661
2014,5,14,8282,1533
2014,5,15,7969,1518
2014,5,16,6569,1548
2014,5,17,7080,4254
2014,5,18,6719,3609
2014,5,19,8395,2139
2014,5,20,8889,2067
2014,5,21,7300,1301
2014,5,22,8604,1846
2014,5,23,8354,2178
2014,5,24,5502,5142
2014,5,25,5461,6745
2014,5,26,5779,5030
2014,5,27,6695,1632
2014,5,28,8530,1500
2014,5,29,4818,548
2014,5,30,8916,2014
2014,5,31,7683,4526
2014,6,1,7289,3786
2014,6,2,8603,1863
2014,6,3,8901,1618
2014,6,4,8765,1511
2014,6,5,9336,1518
2014,6,6,9772,2184
2014,6,7,7725,4277
2014,6,8,6896,3844
2014,6,9,8619,2004
2014,6,10,8149,1470
2014,6,11,7520,1214
2014,6,12,8147,1167
2014,6,13,8068,1522
2014,6,14,7728,4318
2014,6,15,7204,3983
2014,6,16,8701,1923
2014,6,17,8901,1723
2014,6,18,8570,1536
2014,6,19,8853,1717
2014,6,20,9336,2444
2014,6,21,6299,3640
2014,6,22,7134,3814
2014,6,23,8771,2213
2014,6,24,9343,1958
2014,6,25,8606,1705
2014,6,26,9350,1737
2014,6,27,8475,2274
2014,6,28,7038,3936
2014,6,29,6816,4119
2014,6,30,8524,2069
2014,7,1,8701,1898
2014,7,2,8008,1691
2014,7,3,6771,1925
2014,7,4,6023,6001
2014,7,5,5830,7098
2014,7,6,6060,4973
2014,7,7,8054,2111
2014,7,8,7246,1383
2014,7,9,7384,1516
2014,7,10,7257,1543
2014,7,11,8800,2546
2014,7,12,6717,4894
2014,7,13,5960,3475
2014,7,14,6725,1885
2014,7,15,6554,1375
2014,7,16,9143,2282
2014,7,17,9116,2593
2014,7,18,8658,3126
2014,7,19,6651,5247
2014,7,20,6269,4664
2014,7,21,8275,2852
2014,7,22,8696,2611
2014,7,23,8124,2191
2014,7,24,8404,2399
2014,7,25,8802,3619
2014,7,26,6557,5561
2014,7,27,5931,4158
2014,7,28,8152,2622
2014,7,29,8871,2573
2014,7,30,9024,2477
2014,7,31,8610,2496
2014,8,1,7764,2210
2014,8,2,5705,5214
2014,8,3,5994,3925
2014,8,4,8062,2938
2014,8,5,8282,2546
2014,8,6,8505,2604
2014,8,7,8597,2578
2014,8,8,8044,3327
2014,8,9,5733,4724
2014,8,10,5822,4960
2014,8,11,6911,2776
2014,8,12,5150,880
2014,8,13,8487,2532
2014,8,14,8470,2661
2014,8,15,8566,3482
2014,8,16,6532,5828
2014,8,17,6296,4385
2014,8,18,8328,2514
2014,8,19,8777,1869
2014,8,20,7328,1928
2014,8,21,7830,2020
2014,8,22,8149,2205
2014,8,23,4468,2045
2014,8,24,7090,3843
2014,8,25,8715,2145
2014,8,26,9067,1921
2014,8,27,9170,2078
2014,8,28,9155,2016
2014,8,29,8885,2848
2014,8,30,5363,4946
2014,8,31,4477,4549
2014,9,1,7151,1254
2014,9,2,7963,754
2014,9,3,7899,2645
2014,9,4,7298,3631
2014,9,5,7820,3289
2014,9,6,7660,1776
2014,9,7,10231,1134
2014,9,8,9377,1116
2014,9,9,9719,1371
2014,9,10,8622,2749
2014,9,11,7353,3755
2014,9,12,9144,3139
2014,9,13,6984,1318
2014,9,14,10517,1534
2014,9,15,9803,1674
2014,9,16,10339,1923
2014,9,17,9480,2284
2014,9,18,7796,3831
2014,9,19,9381,2591
2014,9,20,10817,2018
2014,9,21,9518,1350
2014,9,22,9799,1341
2014,9,23,9894,1836
2014,9,24,7028,2369
2014,9,25,4680,2037
2014,9,26,9028,3259
2014,9,27,10894,1887
2014,9,28,9454,1580
2014,9,29,8987,1752
2014,9,30,8018,3746
2014,10,1,9427,1229
2014,10,2,10330,1504
2014,10,3,9359,1688
2014,10,4,7383,3371
2014,10,5,6954,2809
2014,10,6,9105,1656
2014,10,7,8459,1122
2014,10,8,9930,1435
2014,10,9,9742,1614
2014,10,10,6939,1304
2014,10,11,4203,1571
2014,10,12,6035,3492
2014,10,13,5615,1080
2014,10,14,9460,1560
2014,10,15,5713,444
2014,10,16,9002,1180
2014,10,17,9414,2660
2014,10,18,7002,3938
2014,10,19,5947,2274
2014,10,20,8329,1203
2014,10,21,6818,747
2014,10,22,4204,240
2014,10,23,8793,1055
2014,10,24,8847,1716
2014,10,25,7505,3830
2014,10,26,7049,3309
2014,10,27,9045,1577
2014,10,28,10288,1419
2014,10,29,8735,771
2014,10,30,9260,887
2014,10,31,8535,1131
2014,11,1,5002,1128
2014,11,2,4803,895
2014,11,3,8041,620
2014,11,4,9171,750
2014,11,5,8541,700
2014,11,6,6968,422
2014,11,7,7936,846
2014,11,8,5879,1773
2014,11,9,5940,2002
2014,11,10,8233,1175
2014,11,11,9169,1722
2014,11,12,8850,779
2014,11,13,6707,486
2014,11,14,6598,479
2014,11,15,4799,1217
2014,11,16,3922,861
2014,11,17,3964,169
2014,11,18,5300,271
2014,11,19,5843,194
2014,11,20,6986,311
2014,11,21,5999,414
2014,11,22,4719,908
2014,11,23,4540,1107
2014,11,24,8200,1070
2014,11,25,7316,888
2014,11,26,1394,53
2014,11,27,1439,432
2014,11,28,2126,521
2014,11,29,2686,1010
2014,11,30,4051,973
2014,12,1,5922,460
2014,12,2,2625,57
2014,12,3,6724,223
2014,12,4,7046,345
2014,12,5,5754,279
2014,12,6,2417,287
2014,12,7,4611,703
2014,12,8,5809,263
2014,12,9,3245,75
2014,12,10,6488,261
2014,12,11,6084,293
2014,12,12,6387,446
2014,12,13,4941,738
2014,12,14,4556,755
2014,12,15,7152,555
2014,12,16,5796,212
2014,12,17,6938,496
2014,12,18,6129,241
2014,12,19,5610,308
2014,12,20,3447,442
2014,12,21,2997,622
2014,12,22,2846,155
2014,12,23,3531,224
2014,12,24,1167,57
2014,12,25,883,779
2014,12,26,1778,1170
2014,12,27,2068,2151
2014,12,28,1761,1127
2014,12,29,4013,1175
2014,12,30,4540,803
2014,12,31,3704,550